id,name,artists,popularity,danceability,energy,key,loudness,mode,speechiness,acousticness,instrumentalness,liveness,valence,tempo,duration_ms,time_signature,popular,,,,,,,,
2VGVSJGXHzKsu5btkdFbpK,Catching Feelings,Justin Bieber,46,0.385,0.553,10,-6.716,1,0.0457,0.356,0,0.444,0.345,86.676,234680,4,0,,,,,,,,
0qYTZCo5Bwh1nsUFGZP3zn ,Felices los 4,Maluma,85,0.755,0.789,5,-4.502,1,0.146,0.231,0,0.351,0.737,93.973,229849,4,1,,,,,,,,
08Wc3X7XNSyF8WYBPt2L8E,Holiday,Calvin Harris;Snoop Dogg;John Legend;Takeoff,62,0.836,0.769,6,-2.334,0,0.0773,0.472,0.00157,0.0804,0.585,103.991,169693,4,0,,,,,,,,
1zKuqri2rJxxr400ufB6vE,Understand,Shawn Mendes,62,0.689,0.606,0,-6.305,1,0.327,0.356,0,0.0997,0.0974,79.029,300973,4,0,,,,,,,,
3DBMmyOLQ8VIEd5fBnTSfK,Mouth Of The River,Imagine Dragons,68,0.487,0.905,8,-6.951,1,0.0423,0.00217,0.0936,0.151,0.293,96.012,221560,4,0,,,,,,,,
39IsH7B5byx8NRlEKlZVg9 ,Pretty Girl - Cheat Codes X CADE Remix,Maggie Lindemann,81,0.703,0.868,7,-4.661,0,0.0291,0.15,0.132,0.104,0.733,121.03,193613,4,1,,,,,,,,
1xznGGDReH1oQq0xzbwXa3 ,One Dance,Drake,84,0.791,0.619,1,-9.433,1,0.0532,0.00784,0.00423,0.351,0.371,133.987,173987,4,1,,,,,,,,
0Qr56LFuNj4Ncf6RLOv3Od,LIKE I WOULD - Sharam Jey Remix,ZAYN,38,0.617,0.916,10,-4.026,0,0.049,0.00136,0.218,0.0395,0.362,117.999,281046,4,0,,,,,,,,
3AEZUABDXNtecAOSC1qTfo ,ReggaetÃ³n Lento (Bailemos),CNCO,80,0.761,0.838,4,-3.073,0,0.0502,0.4,0,0.176,0.71,93.974,222560,4,1,,,,,,,,
2rb5MvYT7ZIxbKW5hfcHx8,Mi Gente,J Balvin,82,0.543,0.677,11,-4.915,0,0.0993,0.0148,6.21E-06,0.13,0.294,103.809,189440,4,1,,,,,,,,
3SP0MlWYfu7xt1ZfMqBxh9,FEAR.,Kendrick Lamar,64,0.586,0.474,10,-7.063,0,0.274,0.616,1.04E-05,0.613,0.455,149.967,460573,4,0,,,,,,,,
0x5QNHf6hEB4ZARhidUezQ,Love Like That (feat. K. Michelle),Jason Derulo;K. Michelle,16,0.448,0.537,0,-5.581,0,0.056,0.00647,7.05E-05,0.626,0.115,173.334,239760,4,0,,,,,,,,
4cGeMgLcykDLAazHFpbZbU ,DNA.,Kendrick Lamar,78,0.637,0.514,1,-6.842,1,0.365,0.0047,0,0.094,0.402,150.02,185947,4,1,,,,,,,,
6cPyTS0Kk2sc4xQwC93kOg,Break Up Every Night,The Chainsmokers,70,0.624,0.806,1,-5.957,1,0.0437,0.00411,0,0.0872,0.528,149.999,207520,4,0,,,,,,,,
0Nhu3zSYbEz32IYiobV75e ,Now Or Never,Halsey,74,0.658,0.588,6,-4.902,0,0.0367,0.105,1.28E-06,0.125,0.434,110.075,214802,4,1,,,,,,,,
1louJpMmzEicAn7lzDalPW ,No Promises (feat. Demi Lovato),Cheat Codes,81,0.741,0.667,10,-5.445,1,0.134,0.0575,0,0.106,0.595,112.956,223504,4,1,,,,,,,,
3EmmCZoqpWOTY1g2GBwJoR ,Just Hold On,Steve Aoki,78,0.647,0.932,11,-3.515,1,0.0824,0.00383,1.50E-06,0.0574,0.374,114.991,198774,4,1,,,,,,,,
3UqDEA89Ei9GHI19qHkhVj,Knocking on Your Heart,Maggie Lindemann,58,0.469,0.729,2,-7.159,0,0.0866,0.107,0.0105,0.0884,0.357,149.67,220800,4,0,,,,,,,,
7mwNwejc4TH61bdxJHOngN,Bedroom Floor,Liam Payne,21,0.698,0.68,1,-7.117,1,0.0649,0.277,0.00015,0.111,0.215,120.025,187893,4,0,,,,,,,,
3QwBODjSEzelZyVjxPOHdq ,Otra Vez (feat. J Balvin),Zion & Lennox,80,0.832,0.772,10,-5.429,1,0.1,0.0559,0.000486,0.44,0.704,96.016,209453,4,1,,,,,,,,
6520aj0B4FSKGVuKNsOCOi ,Chained To The Rhythm,Katy Perry,77,0.448,0.801,0,-5.363,1,0.165,0.0733,0,0.146,0.462,189.798,237734,4,1,,,,,,,,
7Izh7zLJGw1Nscd62Exxj4 ,Believer,Imagine Dragons,87,0.779,0.787,10,-4.305,0,0.108,0.0524,0,0.14,0.708,124.982,204347,4,1,,,,,,,,
3umS4y3uQDkqekNjVpiRUs ,El Amante,Nicky Jam,80,0.683,0.691,8,-5.535,1,0.0432,0.243,0,0.14,0.732,179.91,219507,4,1,,,,,,,,
1wjzFQodRWrPcQ0AnYnvQ9 ,I Like Me Better,Lauv,89,0.752,0.505,9,-7.621,1,0.253,0.535,2.55E-06,0.104,0.419,91.97,197437,4,1,,,,,,,,
7ol8W3NEydMmc0cEvD96Ts,Can't Have Everything,Drake,61,0.856,0.572,1,-8.429,1,0.373,0.0136,1.55E-06,0.121,0.454,82.445,228438,4,0,,,,,,,,
1LEwgyFi3R9Ihdz72bSiAj,Deepest Part of Me (Interlude),KYLE,45,0.731,0.462,0,-10.131,1,0.0354,0.0406,0.281,0.151,0.127,105.037,156252,4,0,,,,,,,,
70u21FlFuynM9wnHBxjMxC,In the Name of Love,Martin Garrix;Bebe Rexha,0,0.501,0.519,4,-5.88,0,0.0409,0.109,0,0.454,0.168,133.99,195707,4,0,,,,,,,,
6TwcRSQgztJFw8tQDrs35D,The Thrill Of It All,Sam Smith,66,0.496,0.28,10,-9.156,1,0.0616,0.805,9.28E-05,0.11,0.113,127.149,208903,4,0,,,,,,,,
26gceVsA1ybT8qsX3aYLEn ,Thunder,Imagine Dragons,87,0.6,0.81,0,-4.749,1,0.0479,0.00683,0.21,0.155,0.298,167.88,187147,4,1,,,,,,,,
22eADXu8DfOAUEDw4vU8qy ,Ahora Dice,Chris Jeday,78,0.708,0.693,6,-5.516,1,0.138,0.246,0,0.129,0.427,143.965,271080,4,1,,,,,,,,
5XMkENs3GfeRza8MfVAhjK,Finesse,Bruno Mars,77,0.741,0.798,5,-5.342,0,0.0718,0.00781,0,0.0232,0.939,104.953,191000,4,0,,,,,,,,
1WD1fT4gzdqBoOs4M7rhc9,Baby I Won't - Cean Remix,Danny Ocean;Cean,57,0.756,0.738,6,-6.284,1,0.167,0.0147,0,0.0552,0.589,104.991,214286,4,0,,,,,,,,
1LLIkqUK19oJXHozT5PJ3B,BLUE,ZAYN,56,0.222,0.184,0,-13.235,1,0.0335,0.925,0.000298,0.1,0.156,184.171,224320,5,0,,,,,,,,
0PyWKgNmGiYTFe6MXN5U4K ,Bounce Back,Big Sean,74,0.77,0.567,2,-5.698,1,0.175,0.105,0,0.125,0.26,81.477,222360,4,1,,,,,,,,
2ekn2ttSfGqwhhate0LSR0 ,New Rules,Dua Lipa,93,0.771,0.696,9,-6.258,0,0.0755,0.00256,9.71E-06,0.179,0.656,116.054,208827,4,1,,,,,,,,
5L1tWSzpILo1JRhMeR5UZ6,Welcome,Martin Garrix;Julian Jordan,53,0.689,0.962,1,-6.555,0,0.136,0.00216,0.411,0.123,0.0422,117.988,185095,4,0,,,,,,,,
5bcTCxgc7xVfSaMV3RuVke ,Feels,Calvin Harris,83,0.893,0.745,11,-3.299,0,0.0571,0.0642,0,0.0943,0.872,104.066,223413,4,1,,,,,,,,
3ebXMykcMXOcLeJ9xZ17XH ,Scared to Be Lonely,Martin Garrix,85,0.584,0.54,1,-7.607,0,0.0576,0.0895,0,0.261,0.195,105.969,220883,4,1,,,,,,,,
6jA8HL9i4QGzsj6fjoxp8Y ,There for You,Martin Garrix,84,0.611,0.644,6,-6.237,0,0.0553,0.124,0,0.124,0.13,133.889,221904,4,1,,,,,,,,
1OAh8uOEOvTDqkKFsKksCi ,Wild Thoughts,DJ Khaled,83,0.671,0.672,0,-3.094,0,0.0688,0.0329,0,0.118,0.632,97.98,204173,4,1,,,,,,,,
